{
  "lang":"en",
  "name":"pipeline",
  "version":"0.0.0",
  "spacy_version":">=3.4.1,<3.5.0",
  "description":"",
  "author":"",
  "email":"",
  "url":"",
  "license":"",
  "spacy_git_version":"Unknown",
  "vectors":{
    "width":0,
    "vectors":0,
    "keys":0,
    "name":null,
    "mode":"default"
  },
  "labels":{
    "tok2vec":[

    ],
    "ner":[
      "BIRDNAME"
    ]
  },
  "pipeline":[
    "tok2vec",
    "ner"
  ],
  "components":[
    "tok2vec",
    "ner"
  ],
  "disabled":[

  ],
  "performance":{
    "ents_f":0.9393019727,
    "ents_p":0.9469658338,
    "ents_r":0.9317611641,
    "ents_per_type":{
      "BIRDNAME":{
        "p":0.9469658338,
        "r":0.9317611641,
        "f":0.9393019727
      }
    },
    "tok2vec_loss":133.7837870847,
    "ner_loss":1973.599907954
  }
}